company,title,url,scraped_at
Bank of America,Discover your career at Bank of AmericaAnswer a few simple questions and we'll find the right opportunities for you.Take career quiz,https://careers.bankofamerica.com,2026-03-06T11:19:25.629561
Stryker,Explore Open Positions,https://careers.stryker.com,2026-03-06T11:19:25.629561
Stryker,Search jobsI'm Looking ForPositions NearUse your locationUse your locationSearch,https://careers.stryker.com,2026-03-06T11:19:25.629561
Stryker,I'm Looking ForPositions NearUse your locationUse your locationSearch,https://careers.stryker.com,2026-03-06T11:19:25.629561
Marriott,Keyword SearchLocation SearchUse your locationUse your locationSearch,https://careers.marriott.com,2026-03-06T11:19:25.629561
Marriott,Keyword Search,https://careers.marriott.com,2026-03-06T11:19:25.629561
Marriott,Use your locationUse your location,https://careers.marriott.com,2026-03-06T11:19:25.629561
Marriott,Search,https://careers.marriott.com,2026-03-06T11:19:25.629561
Marriott,Open Careers atMarriott,https://careers.marriott.com,2026-03-06T11:19:25.629561
Marriott,Search Current OpeningsLocation SearchUse your locationUse your locationTimeCommuteSearch,https://careers.marriott.com,2026-03-06T11:19:25.629561
Marriott,Search Current Openings,https://careers.marriott.com,2026-03-06T11:19:25.629561
Marriott,Use your locationUse your locationTimeCommute,https://careers.marriott.com,2026-03-06T11:19:25.629561
Costco,Search Jobs,https://careers.costco.com,2026-03-06T11:19:25.629561
Amazon,Skip to main content,https://amazon.jobs,2026-03-06T11:19:25.629561
Apple,"Join us. Be you.Watch the filmThis is where individual imaginations gather together, committing to the values that lead to great work. Here, you’ll do",https://jobs.apple.com,2026-03-06T11:19:25.629561
Apple,"Work at AppleJoin a team andinspire the work.Discover how you can make an impact: See our teams, worldwide locations, and opportunities for students.L",https://jobs.apple.com,2026-03-06T11:19:25.629561
Apple,"We aren’t merely creating products. We’re creating something magical for the person who uses it.Ehsan,  Engineering ManagerWatch the filmLearn about w",https://jobs.apple.com,2026-03-06T11:19:25.629561
Apple,"At Apple, you can unapologetically be yourself and grow and thrive.Sujin, Apple StoreWatch the filmLearn about Apple Retail",https://jobs.apple.com,2026-03-06T11:19:25.629561
Apple,Clear searchResults loading...No results found.Search for what you love to do.RolesAIMLApple RetailHardware engineerR&DSoftware engineerSearch for wha,https://jobs.apple.com,2026-03-06T11:19:25.629561
FedEx,Use your locationUse your locationSearch,https://careers.fedex.com,2026-03-06T11:19:25.629561
FedEx,Use your locationUse your location,https://careers.fedex.com,2026-03-06T11:19:25.629561
FedEx,Search,https://careers.fedex.com,2026-03-06T11:19:25.629561
Accenture,"StudentsYou'll join a great place to build your skills and launch your career. From summer internships to innovation-led opportunities, we welcome you",https://careers.accenture.com,2026-03-06T11:19:25.629561
Accenture,ApprenticeshipsYou love being on a team and have great communication skills — and you’re ready for hands-on experience to learn while you earn.,https://careers.accenture.com,2026-03-06T11:19:25.629561
Accenture,Early career professionalsYou're our future leaders. Bring your skills and passion to work with the latest technology to solve for some of the world's,https://careers.accenture.com,2026-03-06T11:19:25.629561
Accenture,Experienced professionalsYou see around corners and create solutions. Join our global innovators to help transform industries and change the world for,https://careers.accenture.com,2026-03-06T11:19:25.629561
Accenture,Executive leadersYou see endless possibilities and embrace challenges—and change. See how to use your ingenuity and expertise here.,https://careers.accenture.com,2026-03-06T11:19:25.629561
Accenture,"Accenture Flex - Powering Industries with Agile, Expert TalentDelivering tailored, client-focused solutions through specialized expertise and seamless",https://careers.accenture.com,2026-03-06T11:19:25.629561
TCS,Click here or press enter to go to homepage,https://tcs.com/careers,2026-03-06T11:19:25.629561
TCS,What we do,https://tcs.com/careers,2026-03-06T11:19:25.629561
TCS,Who we are,https://tcs.com/careers,2026-03-06T11:19:25.629561
TCS,Insights,https://tcs.com/careers,2026-03-06T11:19:25.629561
TCS,Careers,https://tcs.com/careers,2026-03-06T11:19:25.629561
TCS,Newsroom,https://tcs.com/careers,2026-03-06T11:19:25.629561
TCS,Investors,https://tcs.com/careers,2026-03-06T11:19:25.629561
TCS,Industries,https://tcs.com/careers,2026-03-06T11:19:25.629561
TCS,Services,https://tcs.com/careers,2026-03-06T11:19:25.629561
TCS,Products and Platforms,https://tcs.com/careers,2026-03-06T11:19:25.629561
TCS,Research & Innovation,https://tcs.com/careers,2026-03-06T11:19:25.629561
TCS,Alliances,https://tcs.com/careers,2026-03-06T11:19:25.629561
TCS,Our Aspiration,https://tcs.com/careers,2026-03-06T11:19:25.629561
TCS,Leadership,https://tcs.com/careers,2026-03-06T11:19:25.629561
TCS,Community,https://tcs.com/careers,2026-03-06T11:19:25.629561
TCS,Sustainability,https://tcs.com/careers,2026-03-06T11:19:25.629561
TCS,Inclusion,https://tcs.com/careers,2026-03-06T11:19:25.629561
TCS,Values,https://tcs.com/careers,2026-03-06T11:19:25.629561
TCS,Customer Stories,https://tcs.com/careers,2026-03-06T11:19:25.629561
TCS,Events,https://tcs.com/careers,2026-03-06T11:19:25.629561
TCS,Analyst Recognition,https://tcs.com/careers,2026-03-06T11:19:25.629561
TCS,Global Studies,https://tcs.com/careers,2026-03-06T11:19:25.629561
TCS,Americas,https://tcs.com/careers,2026-03-06T11:19:25.629561
TCS,Asia Pacific,https://tcs.com/careers,2026-03-06T11:19:25.629561
TCS,Europe and UK,https://tcs.com/careers,2026-03-06T11:19:25.629561
TCS,Middle East and Africa,https://tcs.com/careers,2026-03-06T11:19:25.629561
TCS,Press Releases,https://tcs.com/careers,2026-03-06T11:19:25.629561
TCS,News Alerts,https://tcs.com/careers,2026-03-06T11:19:25.629561
TCS,Media Kit,https://tcs.com/careers,2026-03-06T11:19:25.629561
Wipro,Please enable JavaScriptThe searchable map below is not compatible with screen readers.Please visit our Job Search page to explore available opportuni,https://wipro.com/careers,2026-03-06T11:19:25.629561
T-Mobile,I'm Looking ForPositions NearUse your locationUse your locationSearch,https://t-mobile.com/careers,2026-03-06T11:19:25.629561
T-Mobile,Search filters,https://t-mobile.com/careers,2026-03-06T11:19:25.629561
T-Mobile,Showing1-10of1347jobsSort ByJob TitlePost DateJob Title,https://t-mobile.com/careers,2026-03-06T11:19:25.629561
T-Mobile,Showing1-10of1347jobs,https://t-mobile.com/careers,2026-03-06T11:19:25.629561
T-Mobile,Sort ByJob TitlePost DateJob Title,https://t-mobile.com/careers,2026-03-06T11:19:25.629561
T-Mobile,Job TitlePost DateJob Title,https://t-mobile.com/careers,2026-03-06T11:19:25.629561
T-Mobile,Go to first pageGo to previous page12345678910Go to next pageGo to last page1020,https://t-mobile.com/careers,2026-03-06T11:19:25.629561
Whole Foods,I'm Looking ForPositions NearUse your locationUse your locationSearch,https://wholefoods.com/careers,2026-03-06T11:19:25.629561
Whole Foods,I'm Looking For,https://wholefoods.com/careers,2026-03-06T11:19:25.629561
Whole Foods,Use your locationUse your location,https://wholefoods.com/careers,2026-03-06T11:19:25.629561
Whole Foods,Search,https://wholefoods.com/careers,2026-03-06T11:19:25.629561
Whole Foods,Category36523Buyer/Procurement1Category Merchant1Distribution Buyers/Specialists2Distribution Team Members5Facilities ATLs1Facilities Leadership2Facil,https://wholefoods.com/careers,2026-03-06T11:19:25.629561
Whole Foods,Showing1-10of2269jobsSort ByJob TitleDateJob Title,https://wholefoods.com/careers,2026-03-06T11:19:25.629561
Whole Foods,Showing1-10of2269jobs,https://wholefoods.com/careers,2026-03-06T11:19:25.629561
Whole Foods,Sort ByJob TitleDateJob Title,https://wholefoods.com/careers,2026-03-06T11:19:25.629561
Whole Foods,Job TitleDateJob Title,https://wholefoods.com/careers,2026-03-06T11:19:25.629561
Whole Foods,Store Leadership,https://wholefoods.com/careers,2026-03-06T11:19:25.629561
Whole Foods,Store ATLs,https://wholefoods.com/careers,2026-03-06T11:19:25.629561
Whole Foods,Facilities Team Members; Facilities Buyers/Specialists,https://wholefoods.com/careers,2026-03-06T11:19:25.629561
Whole Foods,Go to first pageGo to previous page12345678910Go to next pageGo to last page1020,https://wholefoods.com/careers,2026-03-06T11:19:25.629561
PG&E,Saved Jobs,https://pge.com/careers,2026-03-06T11:19:25.629561
